what,kind,bundleId,bundleVersion,description,time
stopped,bundle,org.eclipse.wb.xwt,1.3.0.r37x201202061752,"org.eclipse.wb.xwt",1415089658761
stopped,bundle,org.eclipse.wb.rcp,1.3.0.r37x201202010053,"org.eclipse.wb.rcp",1415089658762
stopped,bundle,org.eclipse.pde.ui,3.6.100.dist,"org.eclipse.pde.ui",1415089658762
stopped,bundle,org.eclipse.ant.ui,3.5.101.dist,"org.eclipse.ant.ui",1415089658762
stopped,bundle,com.android.ide.eclipse.ndk,22.0.1.v201305230001--685705,"com.android.ide.eclipse.ndk",1415089658762
stopped,bundle,overlay.com.android.ide.eclipse.adt.overlay,22.0.1.v201305230001--685705,"overlay.com.android.ide.eclipse.adt.overlay",1415089658777
stopped,bundle,com.android.ide.eclipse.adt,22.0.1.v201305230001--685705,"com.android.ide.eclipse.adt",1415089658777
stopped,bundle,org.eclipse.jdt.junit,3.7.0.dist,"org.eclipse.jdt.junit",1415089658777
stopped,bundle,org.eclipse.jdt.debug.ui,3.6.1.dist,"org.eclipse.jdt.debug.ui",1415089658777
stopped,bundle,org.eclipse.jdt.apt.ui,3.3.300.dist,"org.eclipse.jdt.apt.ui",1415089658793
stopped,bundle,org.eclipse.wb.core.databinding.xml,1.3.0.r37x201202052344,"org.eclipse.wb.core.databinding.xml",1415089658825
stopped,bundle,org.eclipse.wb.swing.databinding,1.3.0.r37x201202021417,"org.eclipse.wb.swing.databinding",1415089658825
stopped,bundle,org.eclipse.wb.core.databinding,1.3.0.r37x201202052311,"org.eclipse.wb.core.databinding",1415089658825
stopped,bundle,org.eclipse.wb.swing.FormLayout,1.3.0.r37x201202021417,"org.eclipse.wb.swing.FormLayout",1415089658825
stopped,bundle,org.eclipse.wb.swing.MigLayout,1.3.0.r37x201202021417,"org.eclipse.wb.swing.MigLayout",1415089658825
stopped,bundle,org.eclipse.wb.swing.java6,1.3.0.r37x201202021417,"org.eclipse.wb.swing.java6",1415089658825
stopped,bundle,org.eclipse.wb.swing.jsr296,1.3.0.r37x201202021417,"org.eclipse.wb.swing.jsr296",1415089658825
stopped,bundle,org.eclipse.wb.swing,1.3.0.r37x201202021417,"org.eclipse.wb.swing",1415089658825
stopped,bundle,org.eclipse.wb.core.ui,1.3.0.r37x201202052340,"org.eclipse.wb.core.ui",1415089658825
stopped,bundle,org.eclipse.wb.core.xml,1.3.0.r37x201202052344,"org.eclipse.wb.core.xml",1415089658825
stopped,bundle,org.eclipse.wb.layout.group,1.3.0.r37x201202060028,"org.eclipse.wb.layout.group",1415089658825
stopped,bundle,org.eclipse.wb.os.linux,1.3.0.r37x201202052311,"org.eclipse.wb.os.linux",1415089658850
stopped,bundle,org.eclipse.wb.swt,1.3.0.r37x201202010030,"org.eclipse.wb.swt",1415089658850
stopped,bundle,org.eclipse.wb.core,1.3.0.r37x201202052311,"org.eclipse.wb.core",1415089658850
stopped,bundle,org.eclipse.jdt.ui,3.7.2.dist,"org.eclipse.jdt.ui",1415089658850
stopped,bundle,org.eclipse.cdt.codan.checkers.ui,1.0.0.201202111925,"org.eclipse.cdt.codan.checkers.ui",1415089658874
stopped,bundle,org.eclipse.cdt.codan.ui.cxx,2.0.0.201202111925,"org.eclipse.cdt.codan.ui.cxx",1415089658874
stopped,bundle,org.eclipse.cdt.codan.ui,2.0.1.201202111925,"org.eclipse.cdt.codan.ui",1415089658874
stopped,bundle,org.eclipse.cdt.debug.mi.ui,6.1.1.201202111925,"org.eclipse.cdt.debug.mi.ui",1415089658874
stopped,bundle,org.eclipse.cdt.dsf.gdb.ui,2.2.1.201202111925,"org.eclipse.cdt.dsf.gdb.ui",1415089658875
stopped,bundle,org.eclipse.cdt.dsf.ui,2.2.1.201202111925,"org.eclipse.cdt.dsf.ui",1415089658887
activated,perspective,org.eclipse.jdt.ui,,"org.eclipse.jdt.ui.JavaPerspective",1415102418578
started,bundle,org.eclipse.osgi,3.7.2.dist,"org.eclipse.osgi",1415102418579
started,bundle,org.eclipse.equinox.simpleconfigurator,1.0.200.dist,"org.eclipse.equinox.simpleconfigurator",1415102418579
started,bundle,com.ibm.icu,4.4.2.v20110823,"com.ibm.icu",1415102418579
started,bundle,org.eclipse.compare.core,3.5.200.dist,"org.eclipse.compare.core",1415102418579
started,bundle,org.eclipse.core.contenttype,3.4.100.dist,"org.eclipse.core.contenttype",1415102418580
started,bundle,org.eclipse.core.databinding.observable,1.4.0.dist,"org.eclipse.core.databinding.observable",1415102418580
started,bundle,org.eclipse.core.expressions,3.4.300.dist,"org.eclipse.core.expressions",1415102418580
started,bundle,org.eclipse.core.filebuffers,3.5.200.dist,"org.eclipse.core.filebuffers",1415102418581
started,bundle,org.eclipse.core.filesystem,1.3.100.dist,"org.eclipse.core.filesystem",1415102418581
started,bundle,org.eclipse.core.jobs,3.5.101.dist,"org.eclipse.core.jobs",1415102418581
started,bundle,org.eclipse.core.net,1.2.100.dist,"org.eclipse.core.net",1415102418581
started,bundle,org.eclipse.core.resources,3.7.101.dist,"org.eclipse.core.resources",1415102418582
started,bundle,org.eclipse.core.runtime,3.7.0.dist,"org.eclipse.core.runtime",1415102418582
started,bundle,org.eclipse.core.runtime.compatibility,3.2.100.dist,"org.eclipse.core.runtime.compatibility",1415102418582
started,bundle,org.eclipse.core.runtime.compatibility.auth,3.2.200.dist,"org.eclipse.core.runtime.compatibility.auth",1415102418582
started,bundle,org.eclipse.core.variables,3.2.500.dist,"org.eclipse.core.variables",1415102418583
started,bundle,org.eclipse.debug.core,3.7.1.dist,"org.eclipse.debug.core",1415102418583
started,bundle,org.eclipse.debug.ui,3.7.102.dist,"org.eclipse.debug.ui",1415102418601
started,bundle,org.eclipse.equinox.app,1.3.100.dist,"org.eclipse.equinox.app",1415102418602
started,bundle,org.eclipse.equinox.common,3.6.0.dist,"org.eclipse.equinox.common",1415102418602
started,bundle,org.eclipse.equinox.ds,1.3.1.dist,"org.eclipse.equinox.ds",1415102418603
started,bundle,org.eclipse.equinox.event,1.2.100.dist,"org.eclipse.equinox.event",1415102418604
started,bundle,org.eclipse.equinox.p2.core,2.1.1.dist,"org.eclipse.equinox.p2.core",1415102418604
started,bundle,org.eclipse.equinox.p2.directorywatcher,1.0.300.dist,"org.eclipse.equinox.p2.directorywatcher",1415102418605
started,bundle,org.eclipse.equinox.p2.engine,2.1.1.dist,"org.eclipse.equinox.p2.engine",1415102418606
started,bundle,org.eclipse.equinox.p2.metadata,2.1.0.dist,"org.eclipse.equinox.p2.metadata",1415102418606
started,bundle,org.eclipse.equinox.p2.metadata.repository,1.2.0.dist,"org.eclipse.equinox.p2.metadata.repository",1415102418607
started,bundle,org.eclipse.equinox.p2.operations,2.1.1.dist,"org.eclipse.equinox.p2.operations",1415102418607
started,bundle,org.eclipse.equinox.p2.reconciler.dropins,1.1.100.dist,"org.eclipse.equinox.p2.reconciler.dropins",1415102418608
started,bundle,org.eclipse.equinox.p2.repository,2.1.1.dist,"org.eclipse.equinox.p2.repository",1415102418609
started,bundle,org.eclipse.equinox.p2.ui.sdk.scheduler,1.0.100.dist,"org.eclipse.equinox.p2.ui.sdk.scheduler",1415102418609
started,bundle,org.eclipse.equinox.p2.updatechecker,1.1.200.dist,"org.eclipse.equinox.p2.updatechecker",1415102418610
started,bundle,org.eclipse.equinox.preferences,3.4.2.dist,"org.eclipse.equinox.preferences",1415102418610
started,bundle,org.eclipse.equinox.registry,3.5.101.dist,"org.eclipse.equinox.registry",1415102418611
started,bundle,org.eclipse.equinox.security,1.1.1.dist,"org.eclipse.equinox.security",1415102418611
started,bundle,org.eclipse.equinox.util,1.0.300.dist,"org.eclipse.equinox.util",1415102418612
started,bundle,org.eclipse.help,3.5.100.dist,"org.eclipse.help",1415102418626
started,bundle,org.eclipse.jdt.core,3.7.3.dist,"org.eclipse.jdt.core",1415102418627
started,bundle,org.eclipse.jface,3.7.0.dist,"org.eclipse.jface",1415102418627
started,bundle,org.eclipse.ltk.core.refactoring,3.5.201.dist,"org.eclipse.ltk.core.refactoring",1415102418628
started,bundle,org.eclipse.ltk.ui.refactoring,3.6.0.dist,"org.eclipse.ltk.ui.refactoring",1415102418635
started,bundle,org.eclipse.team.core,3.6.0.dist,"org.eclipse.team.core",1415102418636
started,bundle,org.eclipse.ui,3.7.0.dist,"org.eclipse.ui",1415102418638
started,bundle,org.eclipse.ui.console,3.5.100.dist,"org.eclipse.ui.console",1415102418638
started,bundle,org.eclipse.ui.editors,3.7.0.dist,"org.eclipse.ui.editors",1415102418638
started,bundle,org.eclipse.ui.externaltools,3.2.0.dist,"org.eclipse.ui.externaltools",1415102418638
started,bundle,org.eclipse.ui.forms,3.5.101.dist,"org.eclipse.ui.forms",1415102418639
started,bundle,org.eclipse.ui.ide,3.7.0.dist,"org.eclipse.ui.ide",1415102418648
started,bundle,org.eclipse.ui.navigator,3.5.101.dist,"org.eclipse.ui.navigator",1415102418649
started,bundle,org.eclipse.ui.net,1.2.100.dist,"org.eclipse.ui.net",1415102418649
started,bundle,org.eclipse.ui.views,3.6.0.dist,"org.eclipse.ui.views",1415102418649
started,bundle,org.eclipse.ui.workbench,3.7.1.dist,"org.eclipse.ui.workbench",1415102418649
started,bundle,org.eclipse.ui.workbench.texteditor,3.7.0.dist,"org.eclipse.ui.workbench.texteditor",1415102418650
started,bundle,org.eclipse.update.configurator,3.3.100.dist,"org.eclipse.update.configurator",1415102418650
started,bundle,org.eclipse.update.core,3.2.500.dist,"org.eclipse.update.core",1415102418650
started,bundle,org.eclipse.update.scheduler,3.2.300.dist,"org.eclipse.update.scheduler",1415102418650
started,bundle,org.eclipse.jdt.apt.core,3.3.500.dist,"org.eclipse.jdt.apt.core",1415102418651
started,bundle,org.eclipse.jdt.apt.pluggable.core,1.0.400.dist,"org.eclipse.jdt.apt.pluggable.core",1415102418651
started,bundle,org.eclipse.jdt.core.manipulation,1.4.0.dist,"org.eclipse.jdt.core.manipulation",1415102418651
started,bundle,org.eclipse.jdt.debug,3.7.1.dist,"org.eclipse.jdt.debug",1415102418709
started,bundle,org.eclipse.jdt.debug.ui,3.6.1.dist,"org.eclipse.jdt.debug.ui",1415102418709
started,bundle,org.eclipse.jdt.junit,3.7.0.dist,"org.eclipse.jdt.junit",1415102418729
started,bundle,org.eclipse.jdt.launching,3.6.1.dist,"org.eclipse.jdt.launching",1415102418730
started,bundle,org.eclipse.jdt.ui,3.7.2.dist,"org.eclipse.jdt.ui",1415102418730
started,bundle,org.eclipse.pde.launching,3.6.0.dist,"org.eclipse.pde.launching",1415102418730
started,bundle,org.eclipse.pde.ui,3.6.100.dist,"org.eclipse.pde.ui",1415102418742
started,bundle,org.eclipse.ui.views.log,1.0.200.dist,"org.eclipse.ui.views.log",1415102418742
started,bundle,com.android.ide.eclipse.adt,22.0.1.v201305230001--685705,"com.android.ide.eclipse.adt",1415102418743
started,bundle,com.android.ide.eclipse.base,22.0.1.v201305230001--685705,"com.android.ide.eclipse.base",1415102418743
started,bundle,org.eclipse.cdt.codan.checkers,1.0.1.201202111925,"org.eclipse.cdt.codan.checkers",1415102418744
started,bundle,org.eclipse.cdt.codan.core,2.0.0.201202111925,"org.eclipse.cdt.codan.core",1415102418744
started,bundle,org.eclipse.cdt.codan.core.cxx,1.0.0.201202111925,"org.eclipse.cdt.codan.core.cxx",1415102418745
started,bundle,org.eclipse.cdt.codan.ui.cxx,2.0.0.201202111925,"org.eclipse.cdt.codan.ui.cxx",1415102418745
started,bundle,org.eclipse.cdt.core,5.3.2.201202111925,"org.eclipse.cdt.core",1415102418746
started,bundle,org.eclipse.cdt.debug.core,7.1.0.201202111925,"org.eclipse.cdt.debug.core",1415102418746
started,bundle,org.eclipse.cdt.debug.ui,7.1.2.201202111925,"org.eclipse.cdt.debug.ui",1415102418747
started,bundle,org.eclipse.cdt.make.core,7.1.2.201202111925,"org.eclipse.cdt.make.core",1415102418747
started,bundle,org.eclipse.cdt.make.ui,7.1.2.201202111925,"org.eclipse.cdt.make.ui",1415102418747
started,bundle,org.eclipse.cdt.managedbuilder.core,8.0.2.201202111925,"org.eclipse.cdt.managedbuilder.core",1415102418748
started,bundle,org.eclipse.cdt.ui,5.3.2.201202111925,"org.eclipse.cdt.ui",1415102418808
started,bundle,org.eclipse.epp.usagedata.gathering,1.3.1.R201106061540,"org.eclipse.epp.usagedata.gathering",1415102418809
started,bundle,org.eclipse.epp.usagedata.recording,1.3.1.R201106061540,"org.eclipse.epp.usagedata.recording",1415102418810
started,bundle,org.eclipse.wb.core,1.3.0.r37x201202052311,"org.eclipse.wb.core",1415102418810
started,bundle,org.eclipse.wb.core.lib,1.3.0.r37x201202052311,"org.eclipse.wb.core.lib",1415102418871
started,bundle,org.eclipse.wb.core.xml,1.3.0.r37x201202052344,"org.eclipse.wb.core.xml",1415102418871
started,bundle,org.eclipse.wb.discovery.core,1.3.0.r37x201202052340,"org.eclipse.wb.discovery.core",1415102418871
started,bundle,org.eclipse.wb.discovery.ui,1.3.0.r37x201202052340,"org.eclipse.wb.discovery.ui",1415102418871
started,bundle,org.eclipse.wb.rcp,1.3.0.r37x201202010053,"org.eclipse.wb.rcp",1415102418887
started,bundle,org.eclipse.wb.rcp.databinding,1.3.0.r37x201202010053,"org.eclipse.wb.rcp.databinding",1415102418888
started,bundle,org.eclipse.wb.swing,1.3.0.r37x201202021417,"org.eclipse.wb.swing",1415102418901
started,bundle,org.eclipse.wb.swing.databinding,1.3.0.r37x201202021417,"org.eclipse.wb.swing.databinding",1415102418902
started,bundle,org.eclipse.wb.swt,1.3.0.r37x201202010030,"org.eclipse.wb.swt",1415102418903
started,bundle,org.eclipse.wb.xwt,1.3.0.r37x201202061752,"org.eclipse.wb.xwt",1415102418904
os,sysinfo,,,"linux",1415102418908
arch,sysinfo,,,"x86",1415102418908
ws,sysinfo,,,"gtk",1415102418908
locale,sysinfo,,,"es_ES",1415102418908
processors,sysinfo,,,"4",1415102418908
java.runtime.name,sysinfo,,,"OpenJDK Runtime Environment",1415102418908
java.runtime.version,sysinfo,,,"1.6.0_31-b31",1415102418908
java.specification.name,sysinfo,,,"Java Platform API Specification",1415102418908
java.specification.vendor,sysinfo,,,"Sun Microsystems Inc.",1415102418908
java.specification.version,sysinfo,,,"1.6",1415102418908
java.vendor,sysinfo,,,"Sun Microsystems Inc.",1415102418908
java.version,sysinfo,,,"1.6.0_31",1415102418908
java.vm.info,sysinfo,,,"mixed mode, sharing",1415102418908
java.vm.name,sysinfo,,,"OpenJDK Client VM",1415102418908
java.vm.specification.name,sysinfo,,,"Java Virtual Machine Specification",1415102418908
java.vm.specification.vendor,sysinfo,,,"Sun Microsystems Inc.",1415102418908
java.vm.specification.version,sysinfo,,,"1.0",1415102418908
java.vm.vendor,sysinfo,,,"Sun Microsystems Inc.",1415102418908
java.vm.version,sysinfo,,,"23.25-b01",1415102418908
activated,workbench,org.eclipse.ui.workbench,3.7.1.dist,"",1415102419027
opened,editor,org.eclipse.jdt.ui,3.7.2.dist,"org.eclipse.jdt.ui.CompilationUnitEditor",1415102420322
activated,editor,org.eclipse.jdt.ui,3.7.2.dist,"org.eclipse.jdt.ui.CompilationUnitEditor",1415102420475
opened,view,org.eclipse.ui.ide,3.7.0.dist,"org.eclipse.ui.views.ProblemView",1415102422598
deactivated,workbench,org.eclipse.ui.workbench,3.7.1.dist,"",1415102425864
activated,workbench,org.eclipse.ui.workbench,3.7.1.dist,"",1415102429432
opened,view,org.eclipse.ui.console,3.5.100.dist,"org.eclipse.ui.console.ConsoleView",1415102429553
started,bundle,org.eclipse.cdt.dsf,2.2.0.201202111925,"org.eclipse.cdt.dsf",1415102429689
started,bundle,org.eclipse.cdt.dsf.gdb,4.0.2.201202111925,"org.eclipse.cdt.dsf.gdb",1415102429711
started,bundle,org.eclipse.cdt.dsf.gdb.ui,2.2.1.201202111925,"org.eclipse.cdt.dsf.gdb.ui",1415102429713
started,bundle,org.eclipse.cdt.debug.mi.ui,6.1.1.201202111925,"org.eclipse.cdt.debug.mi.ui",1415102429791
started,bundle,org.eclipse.cdt.debug.mi.core,7.1.1.201202111925,"org.eclipse.cdt.debug.mi.core",1415102429822
started,bundle,org.eclipse.team.ui,3.6.101.dist,"org.eclipse.team.ui",1415102430205
started,bundle,org.eclipse.compare,3.5.202.dist,"org.eclipse.compare",1415102430260
activated,editor,org.eclipse.wb.core.ui,,"org.eclipse.wb.core.guiEditor",1415102435885
deactivated,workbench,org.eclipse.ui.workbench,3.7.1.dist,"",1415102444670
opened,editor,org.eclipse.jdt.ui,3.7.2.dist,"org.eclipse.jdt.ui.CompilationUnitEditor",1415102446557
activated,editor,org.eclipse.jdt.ui,3.7.2.dist,"org.eclipse.jdt.ui.CompilationUnitEditor",1415102446643
activated,workbench,org.eclipse.ui.workbench,3.7.1.dist,"",1415102446668
activated,view,org.eclipse.ui.console,3.5.100.dist,"org.eclipse.ui.console.ConsoleView",1415102449639
activated,editor,org.eclipse.jdt.ui,3.7.2.dist,"org.eclipse.jdt.ui.CompilationUnitEditor",1415102450815
deactivated,workbench,org.eclipse.ui.workbench,3.7.1.dist,"",1415102450922
opened,editor,org.eclipse.jdt.ui,3.7.2.dist,"org.eclipse.jdt.ui.CompilationUnitEditor",1415102452907
activated,editor,org.eclipse.jdt.ui,3.7.2.dist,"org.eclipse.jdt.ui.CompilationUnitEditor",1415102452964
activated,workbench,org.eclipse.ui.workbench,3.7.1.dist,"",1415102452998
deactivated,workbench,org.eclipse.ui.workbench,3.7.1.dist,"",1415102455889
activated,workbench,org.eclipse.ui.workbench,3.7.1.dist,"",1415102466925
activated,view,org.eclipse.jdt.ui,3.7.2.dist,"org.eclipse.jdt.ui.PackageExplorer",1415102471174
error,log,,,"Invalid preference page path: XML Syntax",1415102476166
deactivated,workbench,org.eclipse.ui.workbench,3.7.1.dist,"",1415102478988
executed,command,org.eclipse.ui,3.7.0.dist,"org.eclipse.ui.newWizard",1415102537833
activated,workbench,org.eclipse.ui.workbench,3.7.1.dist,"",1415102537849
opened,editor,org.eclipse.wb.core.ui,,"org.eclipse.wb.core.guiEditor",1415102537958
activated,editor,org.eclipse.wb.core.ui,,"org.eclipse.wb.core.guiEditor",1415102537992
started,bundle,org.eclipse.wb.runtime.lib,1.3.0.r37x201202052311,"org.eclipse.wb.runtime.lib",1415102540575
started,bundle,org.eclipse.wb.rcp.nebula,1.3.0.r37x201202010053,"org.eclipse.wb.rcp.nebula",1415102540694
started,bundle,org.eclipse.wb.swing.FormLayout,1.3.0.r37x201202021417,"org.eclipse.wb.swing.FormLayout",1415102540724
started,bundle,org.eclipse.pde.core,3.7.1.dist,"org.eclipse.pde.core",1415102540963
started,bundle,org.eclipse.pde,3.7.2.dist,"org.eclipse.pde",1415102541046
started,bundle,org.eclipse.equinox.simpleconfigurator.manipulator,2.0.0.dist,"org.eclipse.equinox.simpleconfigurator.manipulator",1415102541065
started,bundle,org.eclipse.equinox.frameworkadmin,2.0.0.dist,"org.eclipse.equinox.frameworkadmin",1415102541066
started,bundle,org.eclipse.wb.core.databinding,1.3.0.r37x201202052311,"org.eclipse.wb.core.databinding",1415102541578
started,bundle,org.eclipse.wb.rcp.swing2swt,1.3.0.r37x201202010053,"org.eclipse.wb.rcp.swing2swt",1415102542051
started,bundle,org.eclipse.wb.swing.jsr296,1.3.0.r37x201202021417,"org.eclipse.wb.swing.jsr296",1415102542543
deactivated,workbench,org.eclipse.ui.workbench,3.7.1.dist,"",1415102542883
started,bundle,org.eclipse.wb.swing.MigLayout.lib,1.3.0.r37x201202021417,"org.eclipse.wb.swing.MigLayout.lib",1415102543257
started,bundle,org.eclipse.wb.swing.MigLayout,1.3.0.r37x201202021417,"org.eclipse.wb.swing.MigLayout",1415102543268
started,bundle,org.eclipse.wb.swing.java6,1.3.0.r37x201202021417,"org.eclipse.wb.swing.java6",1415102543271
started,bundle,org.eclipse.wb.layout.group,1.3.0.r37x201202060028,"org.eclipse.wb.layout.group",1415102543288
activated,workbench,org.eclipse.ui.workbench,3.7.1.dist,"",1415102543729
executed,command,org.eclipse.ui,3.7.0.dist,"org.eclipse.ui.file.saveAll",1415102632033
deactivated,workbench,org.eclipse.ui.workbench,3.7.1.dist,"",1415102635185
activated,workbench,org.eclipse.ui.workbench,3.7.1.dist,"",1415102650134
executed,command,org.eclipse.ui,3.7.0.dist,"org.eclipse.ui.file.saveAll",1415102654714
deactivated,workbench,org.eclipse.ui.workbench,3.7.1.dist,"",1415102655880
activated,workbench,org.eclipse.ui.workbench,3.7.1.dist,"",1415102674262
executed,command,org.eclipse.ui,3.7.0.dist,"org.eclipse.ui.file.saveAll",1415102678061
deactivated,workbench,org.eclipse.ui.workbench,3.7.1.dist,"",1415102679483
activated,workbench,org.eclipse.ui.workbench,3.7.1.dist,"",1415102687293
executed,command,org.eclipse.ui,3.7.0.dist,"org.eclipse.ui.file.saveAll",1415102690807
deactivated,workbench,org.eclipse.ui.workbench,3.7.1.dist,"",1415102692631
activated,workbench,org.eclipse.ui.workbench,3.7.1.dist,"",1415102697157
executed,command,org.eclipse.ui,3.7.0.dist,"org.eclipse.ui.file.saveAll",1415102699384
deactivated,workbench,org.eclipse.ui.workbench,3.7.1.dist,"",1415102701048
activated,workbench,org.eclipse.ui.workbench,3.7.1.dist,"",1415102707511
executed,command,org.eclipse.ui,3.7.0.dist,"org.eclipse.ui.file.saveAll",1415102709409
deactivated,workbench,org.eclipse.ui.workbench,3.7.1.dist,"",1415102710980
activated,workbench,org.eclipse.ui.workbench,3.7.1.dist,"",1415102715166
executed,command,org.eclipse.ui,3.7.0.dist,"org.eclipse.ui.file.saveAll",1415102720073
deactivated,workbench,org.eclipse.ui.workbench,3.7.1.dist,"",1415102721731
activated,workbench,org.eclipse.ui.workbench,3.7.1.dist,"",1415102745214
deactivated,workbench,org.eclipse.ui.workbench,3.7.1.dist,"",1415102748894
activated,workbench,org.eclipse.ui.workbench,3.7.1.dist,"",1415102749149
started,bundle,org.eclipse.equinox.p2.garbagecollector,1.0.200.dist,"org.eclipse.equinox.p2.garbagecollector",1415102837768
activated,editor,org.eclipse.jdt.ui,3.7.2.dist,"org.eclipse.jdt.ui.CompilationUnitEditor",1415103128471
deactivated,workbench,org.eclipse.ui.workbench,3.7.1.dist,"",1415103145446
opened,editor,org.eclipse.jdt.ui,3.7.2.dist,"org.eclipse.jdt.ui.CompilationUnitEditor",1415103147929
activated,editor,org.eclipse.jdt.ui,3.7.2.dist,"org.eclipse.jdt.ui.CompilationUnitEditor",1415103147981
activated,workbench,org.eclipse.ui.workbench,3.7.1.dist,"",1415103148008
activated,editor,org.eclipse.jdt.ui,3.7.2.dist,"org.eclipse.jdt.ui.CompilationUnitEditor",1415103159789
executed,command,org.eclipse.ui,3.7.0.dist,"org.eclipse.ui.file.saveAll",1415103181353
activated,editor,org.eclipse.wb.core.ui,,"org.eclipse.wb.core.guiEditor",1415103192533
activated,editor,org.eclipse.jdt.ui,3.7.2.dist,"org.eclipse.jdt.ui.CompilationUnitEditor",1415103254657
activated,editor,org.eclipse.wb.core.ui,,"org.eclipse.wb.core.guiEditor",1415103264304
executed,command,org.eclipse.ui,3.7.0.dist,"org.eclipse.ui.edit.undo",1415103294654
deactivated,workbench,org.eclipse.ui.workbench,3.7.1.dist,"",1415103299387
activated,workbench,org.eclipse.ui.workbench,3.7.1.dist,"",1415103299389
started,bundle,org.eclipse.pde.api.tools,1.0.301.dist,"org.eclipse.pde.api.tools",1415103337910
started,bundle,org.eclipse.pde.api.tools.ui,1.0.301.dist,"org.eclipse.pde.api.tools.ui",1415103337913
deactivated,workbench,org.eclipse.ui.workbench,3.7.1.dist,"",1415103364132
activated,workbench,org.eclipse.ui.workbench,3.7.1.dist,"",1415103371931
executed,command,org.eclipse.ui,3.7.0.dist,"org.eclipse.ui.edit.text.contentAssist.proposals",1415103373417
deactivated,workbench,org.eclipse.ui.workbench,3.7.1.dist,"",1415103375252
activated,workbench,org.eclipse.ui.workbench,3.7.1.dist,"",1415103411235
executed,command,org.eclipse.ui,3.7.0.dist,"org.eclipse.ui.edit.text.contentAssist.proposals",1415103415182
deactivated,workbench,org.eclipse.ui.workbench,3.7.1.dist,"",1415103450984
activated,workbench,org.eclipse.ui.workbench,3.7.1.dist,"",1415103490559
executed,command,org.eclipse.ui,3.7.0.dist,"org.eclipse.ui.edit.text.contentAssist.proposals",1415103493354
deactivated,workbench,org.eclipse.ui.workbench,3.7.1.dist,"",1415103494986
activated,workbench,org.eclipse.ui.workbench,3.7.1.dist,"",1415103496061
deactivated,workbench,org.eclipse.ui.workbench,3.7.1.dist,"",1415103497406
activated,workbench,org.eclipse.ui.workbench,3.7.1.dist,"",1415103542248
executed,command,org.eclipse.ui,3.7.0.dist,"org.eclipse.ui.edit.text.contentAssist.proposals",1415103551785
deactivated,workbench,org.eclipse.ui.workbench,3.7.1.dist,"",1415103557432
activated,workbench,org.eclipse.ui.workbench,3.7.1.dist,"",1415103568520
executed,command,org.eclipse.ui,3.7.0.dist,"org.eclipse.ui.file.saveAll",1415103571055
executed,command,,,"AUTOGEN:::org.eclipse.ui.texteditor.ruler.actions/org.eclipse.jdt.internal.ui.javaeditor.JavaSelectRulerAction",1415103573471
deactivated,workbench,org.eclipse.ui.workbench,3.7.1.dist,"",1415103574179
activated,workbench,org.eclipse.ui.workbench,3.7.1.dist,"",1415103579017
executed,command,,,"AUTOGEN:::org.eclipse.ui.texteditor.ruler.actions/org.eclipse.jdt.internal.ui.javaeditor.JavaSelectRulerAction",1415103582545
executed,command,,,"AUTOGEN:::org.eclipse.ui.texteditor.ruler.actions/org.eclipse.jdt.internal.ui.javaeditor.JavaSelectRulerAction",1415103582737
deactivated,workbench,org.eclipse.ui.workbench,3.7.1.dist,"",1415103583362
activated,workbench,org.eclipse.ui.workbench,3.7.1.dist,"",1415103584544
deactivated,workbench,org.eclipse.ui.workbench,3.7.1.dist,"",1415103592323
activated,workbench,org.eclipse.ui.workbench,3.7.1.dist,"",1415103595706
executed,command,,,"AUTOGEN:::org.eclipse.ui.texteditor.ruler.actions/org.eclipse.jdt.internal.ui.javaeditor.JavaSelectRulerAction",1415103601595
deactivated,workbench,org.eclipse.ui.workbench,3.7.1.dist,"",1415103602491
activated,workbench,org.eclipse.ui.workbench,3.7.1.dist,"",1415103603498
deactivated,workbench,org.eclipse.ui.workbench,3.7.1.dist,"",1415103603793
activated,workbench,org.eclipse.ui.workbench,3.7.1.dist,"",1415103622985
deactivated,workbench,org.eclipse.ui.workbench,3.7.1.dist,"",1415103624436
activated,workbench,org.eclipse.ui.workbench,3.7.1.dist,"",1415103689278
deactivated,workbench,org.eclipse.ui.workbench,3.7.1.dist,"",1415103691373
activated,workbench,org.eclipse.ui.workbench,3.7.1.dist,"",1415103706775
deactivated,workbench,org.eclipse.ui.workbench,3.7.1.dist,"",1415103714928
activated,workbench,org.eclipse.ui.workbench,3.7.1.dist,"",1415103715942
executed,command,org.eclipse.ui,3.7.0.dist,"org.eclipse.ui.edit.delete",1415103718473
deactivated,workbench,org.eclipse.ui.workbench,3.7.1.dist,"",1415103743090
activated,workbench,org.eclipse.ui.workbench,3.7.1.dist,"",1415103758140
executed,command,org.eclipse.ui,3.7.0.dist,"org.eclipse.ui.edit.paste",1415103760934
executed,command,org.eclipse.ui,3.7.0.dist,"org.eclipse.ui.edit.copy",1415103784454
executed,command,org.eclipse.ui,3.7.0.dist,"org.eclipse.ui.edit.paste",1415103789102
executed,command,org.eclipse.ui,3.7.0.dist,"org.eclipse.ui.edit.copy",1415103796218
executed,command,org.eclipse.ui,3.7.0.dist,"org.eclipse.ui.edit.cut",1415103797815
executed,command,org.eclipse.ui,3.7.0.dist,"org.eclipse.ui.edit.paste",1415103800097
executed,command,,,"AUTOGEN:::org.eclipse.ui.texteditor.ruler.actions/org.eclipse.jdt.internal.ui.javaeditor.JavaSelectRulerAction",1415103803131
deactivated,workbench,org.eclipse.ui.workbench,3.7.1.dist,"",1415103804853
